<?xml version="1.0" encoding="UTF-8"?>
<!DOCTYPE mapper
  PUBLIC "-//mybatis.org//DTD Mapper 3.0//EN"
  "http://mybatis.org/dtd/mybatis-3-mapper.dtd">
  
  
<mapper namespace="bit.com.a.dao.BbsDao" >


<select resultType="bit.com.a.dto.BbsDto" parameterType="bit.com.a.dto.BbsParam" id="bbslistData">
SELECT SEQ, ID, REF, STEP, DEPTH, TITLE, CONTENT, WDATE, DEL, READCOUNT
FROM (SELECT ROW_NUMBER()OVER(ORDER BY REF DESC, STEP ASC) AS RNUM,
SEQ, ID, REF, STEP, DEPTH, TITLE, CONTENT, WDATE, DEL, READCOUNT
FROM BBS
WHERE 1=1 

<if test="choice != null and choice != '' and search != null and search != ''">

<!-- AND DEL=0 -->


<if test="choice == 'title'">AND TITLE LIKE '%'||#{search}||'%' </if>

<if test="choice == 'content'">AND CONTENT LIKE '%'||#{search}||'%' </if>

<if test="choice == 'writer'">AND ID=#{search} </if>

</if>
ORDER BY REF DESC, STEP ASC) WHERE RNUM BETWEEN ${start} AND ${end} 
</select>

<!-- 글의 총수 -->



<select resultType="java.lang.Integer" parameterType="bit.com.a.dto.BbsParam" id="bbslistCount">
SELECT NVL(COUNT(*), 0) FROM BBS WHERE 1=1 

<if test="choice != null and choice != '' and search != null and search != ''">

<if test="choice == 'title'">AND TITLE LIKE '%'||#{search}||'%' </if>

<if test="choice == 'content'">AND CONTENT LIKE '%'||#{search}||'%' </if>

<if test="choice == 'writer'">AND ID=#{search} </if>

</if>

</select>


<select id="bbsdetail" parameterType="int" resultType="bit.com.a.dto.BbsDto">
SELECT SEQ, ID, REF, STEP, DEPTH, TITLE, CONTENT, WDATE, DEL, READCOUNT
FROM BBS
WHERE SEQ=${seq}
</select>

<update parameterType="int" id="readcount">
UPDATE BBS SET READCOUNT=READCOUNT+1 WHERE SEQ=${seq} 
</update>

<insert id="bbswriteAf" parameterType="bit.com.a.dto.BbsDto">
INSERT INTO BBS(SEQ, ID, REF, STEP, DEPTH, TITLE, CONTENT, WDATE, DEL, READCOUNT)
      VALUES(SEQ_BBS.NEXTVAL, #{ id }, (SELECT NVL(MAX(REF), 0)+1 FROM BBS), 0, 0, #{ title }, #{ content }, SYSDATE, 0, 0)
</insert>
</mapper>