<?xml version="1.0" encoding="UTF-8"?>
<!DOCTYPE mapper
  PUBLIC "-//mybatis.org//DTD Mapper 3.0//EN"
  "http://mybatis.org/dtd/mybatis-3-mapper.dtd">
  
<mapper namespace="bit.com.a.dao.MemberDao">

<select id = "allMember" resultType="bit.com.a.dto.MemberDto">
	SELECT * FROM MEMBER
</select>

<select resultType="bit.com.a.dto.MemberDto" parameterType="String" id="loginAf">
SELECT ID, NAME, EMAIL, AUTH FROM MEMBER WHERE ID=#{id} AND PWD=#{pwd} 
</select>

<select id="idcheck" resultType="int" parameterType="String">
SELECT NVL(COUNT(*), 0) FROM MEMBER WHERE ID=#{id}
</select>

<insert id="addmember" parameterType="bit.com.a.dto.MemberDto">
	INSERT INTO MEMBER(ID, PWD, NAME, EMAIL, AUTH)
	VALUES (#{id}, #{pwd}, #{name}, #{email}, 3)
</insert>

</mapper>

